;店名;EN;类别;连锁;地址;Ortsteil;推荐备注;柏林慢慢游甄选20;;;;;;;;;;;;;;;;;
1;7 Dumpling;7 Dumpling;小吃;否;Ansbacher Str. 29, 10789 Berlin;Schöneberg;;;;;;;;;;;;;;;;;;;
2;澳门酒楼/Macao;Macao;饭店;否;Breite Str. 37, 13597 Berlin;Spandau;;;;;;;;;;;;;;;;;;;
3;伴面/Ban Noodle;Ban Noodle;面馆;否;Kantstraße 62, 10627 Berlin;Charlottenburg;;;;;;;;;;;;;;;;;;;
4;包餃會/Bao Gao Club (Xberg);Bao Gao Club (Xberg);小吃;是;Markthalle Neun, Eisenbahnstraße 42-43, 10997 Berlin;Kreuzberg;;;;;;;;;;;;;;;;;;;
5;包饺会/Bao Gao Club (PBerg);Bao Gao Club (PBerg);小吃;是;Schönhauser Allee 103, 10439 Berlin;Prenzlauer Berg;;;;;;;;;;;;;;;;;;;
6;北方水饺/Wok Show;Wok Show;饭店;否;Greifenhagener Str. 31, 10437 Berlin;Prenzlauer Berg;;;;;;;;;;;;;;;;;;;
7;宾临城下/Noodle Plus;Noodle Plus;面馆;否;Hannah-Arendt-Straße 1, 10117 Berlin;Mitte;;;;;;;;;;;;;;;;;;;
8;Bang Bang Noodles (Mitte);Bang Bang Noodles (Mitte);面馆;是;Rosenthaler Str. 69, 10119 Berlin;Mitte;;;;;;;;;;;;;;;;;;;
9;Bang Bang Noodles (Xberg);Bang Bang Noodles (Xberg);面馆;是;Mehringdamm 51, 10961 Berlin;Kreuzberg;;;;;;;;;;;;;;;;;;;
10;Biang Biang Ming (Bikini);Biang Biang Ming (Bikini);面馆;是;Kantini 1.OG, Bikini, Budapester Str. 38-50, 10787 Berlin;Charlottenburg;;;;;;;;;;;;;;;;;;;
11;Biang Biang Ming (Friedenau);Biang Biang Ming (Friedenau);面馆;是;Schloßstr. Center, Walther-Schreiber-Platz 1, 12161 Berlin;Friedenau;;;;;;;;;;;;;;;;;;;
12;Bingery;Bingery;小吃;否;Akazienstraße 27, 10823 Berlin;Schöneberg;;;;;;;;;;;;;;;;;;;
13;财神饭店/Aroma (Chburg);Aroma;饭店;否;Kantstraße 35, 10625 Berlin;Charlottenburg;;广式点心｜凌晨营业｜宵夜江湖;;;;;;;;;;;;;;;;;
14;茶点屋/Teegebäck-Haus;Teegebäck-Haus;小吃;否;Waldeyerstraße 12, 10247 Berlin;Friedrichshain;;;;;;;;;;;;;;;;;;;
15;Cha for Tee;Cha for Tee;小吃;否;Friesenstraße 18, 10965 Berlin;Kreuzberg;;;;;;;;;;;;;;;;;;;
16;长青酒楼/Evergreen;Evergreen;饭店;否;Magistratsweg 31, 13593 Berlin;Spandau;;;;;;;;;;;;;;;;;;;
17;长征餐厅/Long March Canteen;Long March Canteen;饭店;否;Wrangelstraße 20, 10997 Berlin;Kreuzberg;;米其林必比登｜粤式点心｜酒吧氛围;;;;;;;;;;;;;;;;;
18;陈记牛肉面馆/Chen’s Noodle House (Neukölln 1);Chen’s Noodle House (Neukölln 1);面馆;是;Karl-Marx-Straße 78, 12043 Berlin;Neukölln;;;;;;;;;;;;;;;;;;;
19;陈记牛肉面馆/Chen’s Noodle House (Neukölln 2);Chen’s Noodle House (Neukölln 2);面馆;是;Karl-Marx-Straße 101, 12043 Berlin;Neukölln;;;;;;;;;;;;;;;;;;;
20;陈记牛肉面馆/Chen’s Noodle House (Tiergarten);Chen’s Noodle House (Tiergarten);面馆;是;Manifesto Market, Alte Potsdamer Str. 7, 10785 Berlin;Tiergarten;;;;;;;;;;;;;;;;;;;
21;陈记牛肉面馆/Chen’s Noodle House (Xberg);Chen’s Noodle House (Xberg);面馆;是;Adalbertstraße 7, 10999 Berlin;Kreuzberg;;清真手拉｜新疆风味｜Kotti地标;;;;;;;;;;;;;;;;;
22;陈氏茶缘/Chen‘s Teehaus;Chen‘s Teehaus;小吃;否;Uhlandstraße 150, 10719 Berlin;Wilmersdorf;;;;;;;;;;;;;;;;;;;
23;陈香贵/Mr. Noodle Chen (Fhain);Mr. Noodle Chen (Fhain);面馆;是;Niederbarnimstraße 4, 10247 Berlin;Friedrichshain;;;;;;;;;;;;;;;;;;;
24;陈香贵/Mr. Noodle Chen (Wedding);Mr. Noodle Chen (Wedding);面馆;是;Willdenowstraße 12, 13353 Berlin;Wedding;;兰州拉面｜现拉现煮｜连锁首店;;;;;;;;;;;;;;;;;
25;吃吃看/Chichikan;Chichikan;饭店;否;Goltzstraße 52, 10781 Berlin;Schöneberg;;;;;;;;;;;;;;;;;;;
26;China Garden;China Garden;饭店;否;Hermsdorfer Damm 134, 13467 Berlin;Hermsdorf;;;;;;;;;;;;;;;;;;;
27;China Town;China Town;小吃;否;Mühlenstraße 46, 13187 Berlin;Pankow;;;;;;;;;;;;;;;;;;;
28;初伍/CHUWOO;CHUWOO;小吃;否;Inselstraße 8a, 10179 Berlin;Mitte;;;;;;;;;;;;;;;;;;;
29;川园/Chuan Garden;Chuan Garden;饭店;否;Torstraße 189, 10115 Berlin;Mitte;;;;;;;;;;;;;;;;;;;
30;Chungking Noodles;Chungking Noodles;面馆;否;Reichenberger Str. 35, 10999 Berlin;Kreuzberg;;;;;;;;;;;;;;;;;;;
31;大利/Tai Lee;Tai Lee;饭店;否;Hildburghauser Str. 29, 12279 Berlin;Marienfelde;;;;;;;;;;;;;;;;;;;
32;大明见面/MingTastic;MingTastic;火锅;否;Ring Center, Frankfurter Allee 113, 10365 Berlin;Lichtenberg;;;;;;;;;;;;;;;;;;;
33;大明酒家/Ming Dynastie (Jannowitzbrücke);Ming Dynastie (Jannowitzbrücke);饭店;是;Brückenstraße 6, 10179 Berlin;Mitte;;老牌酒家｜点心师傅｜大桌聚餐;;;;;;;;;;;;;;;;;
34;大明酒家/Ming Dynastie (West);Ming Dynastie (West);饭店;是;Tauentzienstraße 9-12, 10789 Berlin;Charlottenburg;;;;;;;;;;;;;;;;;;;
35;大清面馆/Hotpot & Nudeln;Hotpot & Nudeln;麻辣烫/冒菜;否;Revaler Str. 17, 10245 Berlin;Friedrichshain;;;;;;;;;;;;;;;;;;;
36;大碗麻辣烫/Mala House;Mala House;麻辣烫/冒菜;否;Wilmersdorfer Str. 15, 10585 Berlin;Charlottenburg;;;;;;;;;;;;;;;;;;;
37;德记/Tak Kee;Tak Kee;小吃;否;Wilmersdorfer Str. 79, 10629 Berlin;Charlottenburg;;;;;;;;;;;;;;;;;;;
38;帝苑/Royal Garden;Royal Garden;饭店;否;Osdorfer Str. 26, 12207 Berlin;Lichterfelde;;;;;;;;;;;;;;;;;;;
39;东海楼/Donghailou Restaurant;Donghailou Restaurant;饭店;否;Ostseestraße 79, 10409 Berlin;Prenzlauer Berg;;;;;;;;;;;;;;;;;;;
40;Dump Ling;Dump Ling;小吃;否;Alte Schönhauser Str. 44, 10119 Berlin;Mitte;;;;;;;;;;;;;;;;;;;
41;多得利/Do De Li;Do De Li;饭店;否;Kantstraße 120, 10625 Berlin;Charlottenburg;;;;;;;;;;;;;;;;;;;
42;恩典之家/Wunderbau;Wunderbau;饭店;否;Bernhardstraße 12, 10715 Berlin;Wilmersdorf;;;;;;;;;;;;;;;;;;;
43;恩李菜/En Lee Cai;En Lee Cai;饭店;否;Kurfürstendamm 218, 10719 Berlin;Charlottenburg;;;;;;;;;;;;;;;;;;;
44;帆船酒楼/Dschunke;Dschunke;饭店;否;Breite Str. 15, 14199 Berlin;Schmargendorf;;;;;;;;;;;;;;;;;;;
45;凤凰酒楼/Phönix Buffet;Phönix Buffet;饭店;否;Greifswalder Str. 90, 10409 Berlin;Prenzlauer Berg;;;;;;;;;;;;;;;;;;;
46;丰源饭店/Feng Yuan;Feng Yuan;饭店;否;Kaiser-Wilhelm-Straße 8, 12247 Berlin;Lankwitz;;;;;;;;;;;;;;;;;;;
47;佛笑楼/Happy Buddha;Happy Buddha;饭店;否;Marienfelder Allee 145, 12279 Berlin;Marienfelde;;;;;;;;;;;;;;;;;;;
48;福多酒家/Fu Duo;Fu Duo;饭店;否;Triftstraße 33, 13127 Berlin;Französisch Buchholz;;;;;;;;;;;;;;;;;;;
49;福利来/Fu Li Lai;Fu Li Lai;饭店;否;Erlenstraße 19, 12167 Berlin;Steglitz;;;;;;;;;;;;;;;;;;;
50;富隆酒楼/Fu-Long;Fu-Long;饭店;否;Britzer Damm 18, 12347 Berlin;Neukölln;;;;;;;;;;;;;;;;;;;
51;福仁/Lucky;Lucky;饭店;否;Alt-Tegel 29, 13507 Berlin;Tegel;;;;;;;;;;;;;;;;;;;
52;功夫辣椒/Kongfu Chili;Kongfu Chili;面馆;否;Schliemannstraße 31, 10437 Berlin;Prenzlauer Berg;;;;;;;;;;;;;;;;;;;
53;Good Aroma;Good Aroma;小吃;否;Tempelhofer Damm 220, 12099 Berlin;Tempelhof;;;;;;;;;;;;;;;;;;;
54;锅锅香/Guoguoxiang;Guoguoxiang;饭店;否;Breitenbachpl. 8, 14195 Berlin;Dahlem;;;;;;;;;;;;;;;;;;;
55;海椒/Hi! Chili;Hi! Chili;小吃;否;Fehrbelliner Str. 5, 10119 Berlin;Prenzlauer Berg;;;;;;;;;;;;;;;;;;;
56;Han Bites KTV;Han Bites KTV;串烧;否;Kantstraße 120, 10625 Berlin;Charlottenburg;;;;;;;;;;;;;;;;;;;
57;Han West (Wedding);Han West (Wedding);小吃;是;Burgsdorfstraße 7, 13353 Berlin;Wedding;;;;;;;;;;;;;;;;;;;
58;HanWest (Neukölln);HanWest (Neukölln);小吃;是;Selchower Str. 20, 12049 Berlin;Neukölln;;;;;;;;;;;;;;;;;;;
59;好好酒楼/HowHow;HowHow;饭店;否;Oranienburger Str. 168, 13437 Berlin;Wittnau;;;;;;;;;;;;;;;;;;;
60;好利私房菜/Holly;Holly;饭店;否;Schustehrusstraße 3, 10585 Berlin;Charlottenburg;;;;;;;;;;;;;;;;;;;
61;Happy Panda;Happy Panda;饭店;否;Johannisthaler Ch 261, 12351 Berlin;Rudow;;;;;;;;;;;;;;;;;;;
62;红豆中餐馆/Rotbohnen (Charlottenburg);Rotbohnen (Charlottenburg);小吃;是;Wilmersdorfer Str. 17, 10585 Berlin;Charlottenburg;;;;;;;;;;;;;;;;;;;
63;红豆中餐馆/Rotbohnen (Fhain);Rotbohnen (Fhain);小吃;是;Boxhagener Str. 55, 10245 Berlin;Friedrichshain;;;;;;;;;;;;;;;;;;;
64;吼堂火锅/Hou Tang Hotpot;Hou Tang Hotpot;火锅;否;Kurfürstendamm 175, 10707 Berlin;Wilmersdorf;;成都火锅｜锅底讲究｜适合团体;;;;;;;;;;;;;;;;;
65;华丽都/Hua Li Du;Hua Li Du;饭店;否;Dietzgenstraße 11A, 13156 Berlin;Pankow;;;;;;;;;;;;;;;;;;;
66;华亭酒家/HuaTing;HuaTing;饭店;否;Strausberger Pl. 13, 10243 Berlin;Friedrichshain;;;;;;;;;;;;;;;;;;;
67;汇丰酒家/Hui Feng;Hui Feng;饭店;否;Hellersdorfer Promenade 24, 12627 Berlin;Hellersdorf;;;;;;;;;;;;;;;;;;;
68;佳家/Jia Jia;Jia Jia;饭店;否;Lefèvrestraße 1, 12161 Berlin;Friedenau;;;;;;;;;;;;;;;;;;;
69;嘉乐/Jolly;Jolly;饭店;否;Am Kupfergraben 4, 10117 Berlin;Mitte;;北京烤鸭｜体面老派｜景点旁边;;;;;;;;;;;;;;;;;
70;煎饼堂/Jian Bing Town;Jian Bing Town;小吃;否;Kerb Food Hall, Potsdamer Str. 4, 10785 Berlin;Tiergarten;;;;;;;;;;;;;;;;;;;
71;见一面/Meet Noodles;Meet Noodles;面馆;否;Boxhagener Str. 104, 10245 Berlin;Friedrichshain;;;;;;;;;;;;;;;;;;;
72;椒点私厨/SzeChuan Küche;SzeChuan Küche;饭店;否;Seestraße 101, 13353 Berlin;Wedding;;;;;;;;;;;;;;;;;;;
73;金色花园/Golden Garden;Golden Garden;饭店;否;Heinersdorfer Str. 19A, 12209 Berlin;Lichterfelde;;;;;;;;;;;;;;;;;;;
74;聚友阁/Hot Spot;Hot Spot;饭店;否;Eisenzahnstraße 66, 10709 Berlin;Wilmersdorf;;;;;;;;;;;;;;;;;;;
75;JuJu's Dumplings;JuJu's Dumplings;小吃;否;Arminiusmarkethalle, Arminiusstraße 2-4, 10551 Berlin;Moabit;;;;;;;;;;;;;;;;;;;
76;Kaiser Drachen;Kaiser Drachen;饭店;否;Stubenrauchstraße 78, 12487 Berlin;Johannisthal;;;;;;;;;;;;;;;;;;;
77;King-Men;King-Men;饭店;否;Falkenseer Chaussee 217, 13583 Berlin;Spandau;;;;;;;;;;;;;;;;;;;
78;空/Kong Chinese Noodle Restaurant;Kong Chinese Noodle Restaurant;面馆;否;Prenzlauer Allee 27A, 10405 Berlin;Prenzlauer Berg;;;;;;;;;;;;;;;;;;;
79;兰州拉面/Lanzhou Beef Noodles (Charlottenburg);Lanzhou Beef Noodles (Charlottenburg);面馆;是;Kantstraße 56, 10627 Berlin;Charlottenburg;;;;;;;;;;;;;;;;;;;
80;兰州拉面/Lanzhou Beef Noodles (Fhain);Lanzhou Beef Noodles (Fhain);面馆;是;Krossener Str. 12, 10245 Berlin;Friedrichshain;;;;;;;;;;;;;;;;;;;
81;老陈一品香/Chen’s Wok;Chen’s Wok;饭店;否;Otto-Suhr-Allee 11-13, 10585 Berlin;Charlottenburg;;;;;;;;;;;;;;;;;;;
82;老乡/Lao Xiang;Lao Xiang;饭店;否;Wichertstraße 43, 10439 Berlin;Prenzlauer Berg;;广式点心｜周末早茶｜北边最强;;;;;;;;;;;;;;;;;
83;老友记/Good Friends;Good Friends;饭店;否;Kantstraße 30, 10623 Berlin;Charlottenburg;;;;;;;;;;;;;;;;;;;
84;Lecker Song;Lecker Song;小吃;否;Schliemannstraße 19, 10437 Berlin;Prenzlauer Berg;;;;;;;;;;;;;;;;;;;
85;蕾小厨湘菜馆/Lei’s Küche;Lei’s Küche;饭店;否;Seestraße 41, 13353 Berlin;Wedding;;;;;;;;;;;;;;;;;;;
86;莲花阁素食/Kamala Vegan;Kamala Vegan;素食;否;Boxhagener Str. 85, 10245 Berlin;Friedrichshain;;;;;;;;;;;;;;;;;;;
87;零零八六/0086;86;饭店;否;Bleibtreustraße 7, 10623 Berlin;Charlottenburg;;传统川菜｜重口下饭｜新派氛围;;;;;;;;;;;;;;;;;
88;Little Little Restaurant;Little Little Restaurant;面馆;否;Stuttgarter Pl. 16, 10627 Berlin;Charlottenburg;;;;;;;;;;;;;;;;;;;
89;Liu成都味道面馆/Liu Nudelhaus;Liu Nudelhaus;面馆;否;Kronenstraße 72, 10117 Berlin;Mitte;;;;;;;;;;;;;;;;;;;
90;龙利阁/Long Li House;Long Li House;饭店;否;Residenzstraße 130, 13409 Berlin;Reinickendorf;;;;;;;;;;;;;;;;;;;
91;龙门/Lon-Min;Lon-Min;饭店;否;Bamberger Str. 30, 10779 Berlin;Wilmersdorf;;;;;;;;;;;;;;;;;;;
92;龙门牛肉面大王/Lon Men's Noodle House;Lon Men's Noodle House;面馆;否;Kantstraße 33, 10625 Berlin;Charlottenburg;;;;;;;;;;;;;;;;;;;
93;璐/Lulu's;Lulu's;饭店;否;Knesebeckstraße 18-19, 10623 Berlin;Charlottenburg;;;;;;;;;;;;;;;;;;;
94;Lu Kitchen (Bikini);Lu Kitchen (Bikini);小吃;是;Kantini 1.OG, Bikini, Budapester Str. 38-50, 10787 Berlin;Charlottenburg;;;;;;;;;;;;;;;;;;;
95;Lu Kitchen (Fhain);Lu Kitchen (Fhain);小吃;是;Simon-Dach-Straße 30, 10245 Berlin;Friedrichshain;;;;;;;;;;;;;;;;;;;
96;绿食膳/Green Flavor;Green Flavor;饭店;否;Kantstraße 22, 10623 Berlin;Charlottenburg;;;;;;;;;;;;;;;;;;;
97;Lychee;Lychee;饭店;否;Bayerische Str. 9, 10707 Berlin;Wilmersdorf;;;;;;;;;;;;;;;;;;;
98;马路边/Marubi;Marubi;小吃;否;Schönhauser Allee 187, 10119 Berlin;Prenzlauer Berg;;;;;;;;;;;;;;;;;;;
99;麦/May Noodles;May Noodles;面馆;否;Boxhagener Str. 50, 10245 Berlin;Friedrichshain;;;;;;;;;;;;;;;;;;;
100;帽牌冒菜/Mao Master;Mao Master;麻辣烫/冒菜;否;Kantstr. 50, 10625 Berlin;Charlottenburg;;;;;;;;;;;;;;;;;;;
101;Mao Zeit;Mao Zeit;麻辣烫/冒菜;否;Manifesto Market, Alte Potsdamer Str. 7, 10785 Berlin;Tiergarten;;;;;;;;;;;;;;;;;;;
102;玫瑰苑/Rosengarten;Rosengarten;饭店;否;Hohenzollerndamm 110A, 14199 Berlin;Schmargendorf;;;;;;;;;;;;;;;;;;;
103;美食家/Asia Deli;Asia Deli;小吃;否;Seestraße 41, 13353 Berlin;Wedding;;;;;;;;;;;;;;;;;;;
104;米吧/MIBAP;MIBAP;小吃;否;Torstraße 22, 10119 Berlin;Mitte;;台式便当｜手作健康｜日常首选;;;;;;;;;;;;;;;;;
105;Ming Jia;Ming Jia;饭店;否;Schloßstraße 32, 14059 Berlin;Charlottenburg;;;;;;;;;;;;;;;;;;;
106;Miss Wu;Miss Wu;饭店;否;Königin-Luise-Straße 71, 14195 Berlin;Dahlem;;;;;;;;;;;;;;;;;;;
107;Mr. Liu;Mr. Liu;饭店;否;Bundesallee 45, 10715 Berlin;Wilmersdorf;;;;;;;;;;;;;;;;;;;
108;N Noodles & Tea;N Noodles & Tea;面馆;否;Gneisenaustraße 24, 10961 Berlin;Kreuzberg;;;;;;;;;;;;;;;;;;;
109;南吉/Gaststätte Südpol;Gaststätte Südpol;烧烤;否;Dieselstraße 20, 12057 Berlin;Neukölln;;;;;;;;;;;;;;;;;;;
110;倪记/Ni’s Restaurant;Ni’s Restaurant;饭店;否;Kleine Präsidentenstraße 3, 10178 Berlin;Mitte;;江南菜系｜小笼招牌｜精致家常;;;;;;;;;;;;;;;;;
111;年三十饺子/Dumplings Nian;Dumplings Nian;小吃;否;Eisenbahnstraße 4, 10997 Berlin;Kreuzberg;;;;;;;;;;;;;;;;;;;
112;您好饭店/Ni Hao;Ni Hao;火锅;否;Bismarckstraße 24, 10625 Berlin;Charlottenburg;;;;;;;;;;;;;;;;;;;
113;牛稼莊/Beef House;Beef House;小吃;否;Kottbusser Damm 94, 10967 Berlin;Neukölln;;;;;;;;;;;;;;;;;;;
114;农夫乐/Asia Farmhouse;Asia Farmhouse;小吃;否;Pannierstraße 54, 12047 Berlin;Neukölln;;;;;;;;;;;;;;;;;;;
115;Peking Perle;Peking Perle;饭店;否;Falkenseer Damm 17, 13585 Berlin;Spandau;;;;;;;;;;;;;;;;;;;
116;Pong's China Restaurant;Pong's China Restaurant;饭店;否;Jörsstr. 14, 13505 Berlin;Tegel;;;;;;;;;;;;;;;;;;;
117;全家福/Lucky Star;Lucky Star;饭店;否;Friedrichstraße 127, 10117 Berlin;Mitte;;;;;;;;;;;;;;;;;;;
118;Regent;Regent;饭店;否;Imchenallee 44, 14089 Berlin;Spandau;;;;;;;;;;;;;;;;;;;
119;Rong’s Noodlehouse;Rong’s Noodlehouse;面馆;否;Leibnizstraße 101, 10625 Berlin;Charlottenburg;;;;;;;;;;;;;;;;;;;
120;Royal Gourmet;Royal Gourmet;饭店;否;Mohriner Allee 50, 12347 Berlin;Britz;;;;;;;;;;;;;;;;;;;
121;如意轩火锅/Ruyixuan Hotpot;Ruyixuan Hotpot;火锅;否;Plaza, Frankfurter Allee 73C, 10247 Berlin;Friedrichshain;;;;;;;;;;;;;;;;;;;
122;三顾冒菜/Sanku Maots'ai (Fhain);Sanku Maots'ai (Fhain);麻辣烫/冒菜;是;Warschauer Str. 81a, 10241 Berlin;Friedrichshain;;;;;;;;;;;;;;;;;;;
123;三顾冒菜/Sanku Maots'ai (Mitte);Sanku Maots'ai (Mitte);麻辣烫/冒菜;是;Friedrichstraße 121, 10117 Berlin;Mitte;;单人冒菜｜自选称重｜麻辣上头;;;;;;;;;;;;;;;;;
124;傻妞面馆/Shaniu‘s House of Noodles (Fhain);Shaniu‘s House of Noodles (Fhain);面馆;是;Niederbarnimstraße 12, 10247 Berlin;Friedrichshain;;;;;;;;;;;;;;;;;;;
125;傻妞面馆/Shaniu‘s House of Noodles (Tiergarten);Shaniu‘s House of Noodles (Tiergarten);面馆;是;Kurfürstenstraße 79, 10787 Berlin;Tiergarten;;手工面条｜川味小馆｜午餐很稳;;;;;;;;;;;;;;;;;
126;傻妞面馆/Shaniu‘s House of Noodles (Wilmersdorf);Shaniu‘s House of Noodles (Wilmersdorf);面馆;是;Pariser Str. 58, 10719 Berlin;Wilmersdorf;;;;;;;;;;;;;;;;;;;
127;姗姗小屋/Shanshan;Shanshan;饭店;否;Gleimstraße 24, 10437 Berlin;Prenzlauer Berg;;;;;;;;;;;;;;;;;;;
128;山西面馆/Shanxi Nudelhaus;Shanxi Nudelhaus;面馆;否;Samariterstraße 28, 10247 Berlin;Friedrichshain;;;;;;;;;;;;;;;;;;;
129;上海饭店/Shanghai;Shanghai;饭店;否;Frankfurter Allee 90, 10247 Berlin;Friedrichshain;;;;;;;;;;;;;;;;;;;
130;蜀味坊/Shu Wei Fang - Szechuan House;Shu Wei Fang - Szechuan House;饭店;否;Paul-Lincke-Ufer 45, 10999 Berlin;Kreuzberg;;TBD;;;;;;;;;;;;;;;;;
131;四川饭店/Sichuan;Sichuan;饭店;否;Albrechtstr. 92, 12167 Berlin;Steglitz;;;;;;;;;;;;;;;;;;;
132;素素/Susu Vegan Food;Susu Vegan Food;素食;否;Eberswalder Str. 29, 10437 Berlin;Prenzlauer Berg;;;;;;;;;;;;;;;;;;;
133;随园·听松/Ting Song Hotpot;Ting Song Hotpot;火锅;否;Eisenzahnstraße 14, 10709 Berlin;Wilmersdorf;;;;;;;;;;;;;;;;;;;
134;太和饭殿/Peking Ente;Peking Ente;饭店;否;Voßstraße 1, 10117 Berlin;Mitte;;;;;;;;;;;;;;;;;;;
135;太子/Prince;Prince;饭店;否;Kommandantenstraße 75, 10117 Berlin;Mitte;;;;;;;;;;;;;;;;;;;
136;唐记/Tangs Kantine;Tangs Kantine;饭店;否;Dieffenbachstraße 18, 10967 Berlin;Kreuzberg;; ;;;;;;;;;;;;;;;;;
137;桃园面馆/Tao Yuan Noodlehouse;Tao Yuan Noodlehouse;面馆;否;Wilmersdorfer Str. 26, 10585 Berlin;Charlottenburg;;;;;;;;;;;;;;;;;;;
138;The Butterfly Lovers;The Butterfly Lovers;素食;否;Veteranenstraße 10, 10119 Berlin;Prenzlauer Berg;;;;;;;;;;;;;;;;;;;
139;The Noodle Town (Mitte);The Noodle Town (Mitte);面馆;是;Große Hamburger Str. 24, 10115 Berlin;Mitte;;;;;;;;;;;;;;;;;;;
140;The Noodle Town (Xberg);The Noodle Town (Xberg);面馆;是;Bergmannstraße 5, 10965 Berlin;Kreuzberg;;;;;;;;;;;;;;;;;;;
141;The Tree Noodle House;The Tree Noodle House;面馆;否;Brunnenstraße 167, 10119 Berlin;Mitte;;;;;;;;;;;;;;;;;;;
142;天府酒家/Tianfu;Tianfu;饭店;否;Uhlandstraße 142, 10719 Berlin;Wilmersdorf;;;;;;;;;;;;;;;;;;;
143;天府子/Tianfuzius;Tianfuzius;素食;否;Regensburger Str. 1, 10777 Berlin;Schöneberg;;;;;;;;;;;;;;;;;;;
144;Toca Rouge;Toca Rouge;小吃;否;Torstraße 195, 10115 Berlin;Mitte;;;;;;;;;;;;;;;;;;;
145;土龙/Tu Long;Tu Long;小吃;否;Otto-Suhr-Allee 25, 10585 Berlin;Charlottenburg;;平价老店｜家常快炒｜学生友好;;;;;;;;;;;;;;;;;
146;UUU;UUU;饭店;否;Sprengelstraße 15, 13353 Berlin;Wedding;;现代中餐｜分享套餐｜茶饮配对;;;;;;;;;;;;;;;;;
147;万花酒楼/Man-Far;Man-Far;饭店;否;Brunsbütteler Damm 260, 13581 Berlin;Spandau;;;;;;;;;;;;;;;;;;;
148;王家一号/Feast;Feast;饭店;否;Meierottostraße 1, 10719 Berlin;Wilmersdorf;;;;;;;;;;;;;;;;;;;
149;旺角花园/Hongkong Canteen;Hongkong Canteen;饭店;否;Leonorenstraße 60, 12247 Berlin;Lankwitz;;;;;;;;;;;;;;;;;;;
150;味道佳/Wei Dao Jia;Wei Dao Jia;饭店;否;Oderberger Str. 27, 10435 Berlin;Prenzlauer Berg;;;;;;;;;;;;;;;;;;;
151;威玲/Wiling;Wiling;饭店;否;Bundespl. 12, 10715 Berlin;Wilmersdorf;;TBD;;;;;;;;;;;;;;;;;
152;Wen Cheng (Charlottenburg);Wen Cheng (Charlottenburg);面馆;是;Joachimsthaler Str. 10, 10719 Berlin;Charlottenburg;;;;;;;;;;;;;;;;;;;
153;Wen Cheng (Fhain);Wen Cheng (Fhain);面馆;是;Simon-Dach-Straße 22, 10245 Berlin;Friedrichshain;;;;;;;;;;;;;;;;;;;
154;Wen Cheng (PBerg 1);Wen Cheng (PBerg 1);面馆;是;Schönhauser Allee 65, 10437 Berlin;Prenzlauer Berg;;;;;;;;;;;;;;;;;;;
155;Wen Cheng (Pberg 2);Wen Cheng (Pberg 2);面馆;是;Schönhauser Allee 10, 10119 Berlin;Prenzlauer Berg;;;;;;;;;;;;;;;;;;;
156;Wen Cheng (Xberg);Wen Cheng (Xberg);面馆;是;Spreewaldpl. 5, 10999 Berlin;Kreuzberg;;;;;;;;;;;;;;;;;;;
157;文厨房/Wen’s Küche;Wen’s Küche;小吃;否;Mariendorfer Damm 175, 12107 Berlin;Mariendorf;;;;;;;;;;;;;;;;;;;
158;文记/Mankee;Mankee;饭店;否;Grunewaldstraße 60, 10825 Berlin;Schöneberg;;;;;;;;;;;;;;;;;;;
159;五湖四海/All seasons;All seasons;饭店;否;Am Juliusturm 53, 13599 Berlin;Spandau;;;;;;;;;;;;;;;;;;;
160;五月花/Mayflower;Mayflower;饭店;否;Greifenhagener Str. 27, 10437 Berlin;Prenzlauer Berg;;;;;;;;;;;;;;;;;;;
161;喜临门/Hee Lam Mun;Hee Lam Mun;饭店;否;Grunewaldstraße 23, 12165 Berlin;Steglitz;;;;;;;;;;;;;;;;;;;
162;喜面/Xi Mian Hand-Pulled Noodles (Mitte);Xi Mian Hand-Pulled Noodles (Mitte);面馆;是;Invalidenstraße 159, 10115 Berlin;Mitte;;;;;;;;;;;;;;;;;;;
163;喜面/Xi Mian Hand-Pulled Noodles (Pberg);Xi Mian Hand-Pulled Noodles (Pberg);面馆;是;Danziger Str. 10, 10435 Berlin;Prenzlauer Berg;;;;;;;;;;;;;;;;;;;
164;想见面/Noodle Point;Noodle Point;面馆;否;Uhlandstraße 142, 10719 Berlin;Wilmersdorf;;;;;;;;;;;;;;;;;;;
165;小龙坎/ShooLoongKan Hotpot;ShooLoongKan Hotpot;火锅;否;Meinekestraße 22, 10719 Berlin;Charlottenburg;;;;;;;;;;;;;;;;;;;
166;新华/Sun Wah;Sun Wah;饭店;否;Alt-Tegel 4, 13507 Berlin;Tegel;;;;;;;;;;;;;;;;;;;
167;新会城/Xin Hui City;Xin Hui City;小吃;否;Alt-Moabit 86B, 10555 Berlin;Moabit;;;;;;;;;;;;;;;;;;;
168;新景阳/Jing Yang;Jing Yang;饭店;否;Albrechtstr. 125, 12165 Berlin;Steglitz;;;;;;;;;;;;;;;;;;;
169;新五洲饭店/Neu Wuzhou;Neu Wuzhou;饭店;否;Marzahner Promenade 13, 12679 Berlin;Marzahn;;;;;;;;;;;;;;;;;;;
170;新阳光/Sonne;Sonne;饭店;否;Neue Kantstraße 16, 14057 Berlin;Charlottenburg;;;;;;;;;;;;;;;;;;;
171;兄弟城/China-Town;China-Town;饭店;否;Mariendorfer Damm 442, 12107 Berlin;Lichtenrade;;;;;;;;;;;;;;;;;;;
172;熊猫酒楼/Panda II;Panda II;饭店;否;Rudower Str. 173, 12351 Berlin;Rudow;;;;;;;;;;;;;;;;;;;
173;熊猫师傅/Panda Meister (Halensee);Panda Meister (Halensee);小吃;是;Westfälische Str. 46, 10711 Berlin;Halensee;;;;;;;;;;;;;;;;;;;
174;熊猫师傅/Panda Meister (Moabit);Panda Meister (Moabit);小吃;是;Alt-Moabit 73A, 10555 Berlin;Moabit;;;;;;;;;;;;;;;;;;;
175;熊猫师傅/Panda Meister (Ostbahnhof);Panda Meister (Ostbahnhof);小吃;是;Hermann-Stöhr-Platz 9-11, 10243 Berlin;Friedrichshain;;;;;;;;;;;;;;;;;;;
176;熊猫园/Panda Garden;Panda Garden;饭店;否;Heinsestraße 42, 13467 Berlin;Hermsdorf;;;;;;;;;;;;;;;;;;;
177;寻鲜记/Chuan House;Chuan House;饭店;否;Landsberger Allee 6, 10249 Berlin;Friedrichshain;;;;;;;;;;;;;;;;;;;
178;宴火/Yan Huo BBQ&Hotpot;Yan Huo BBQ&Hotpot;火锅;否;Kaiserdamm 89, 14057 Berlin;Westend;;;;;;;;;;;;;;;;;;;
179;宴遇/Meet You;Meet You;饭店;否;Fasanenstraße 41, 10719 Berlin;Wilmersdorf;;中式早餐｜周末点心｜海鲜粤菜;;;;;;;;;;;;;;;;;
180;杨国福/Yangguofu (Mitte);Yangguofu (Mitte);麻辣烫/冒菜;是;Weinbergsweg 5, 10119 Berlin;Mitte;;;;;;;;;;;;;;;;;;;
181;杨国福/Yangguofu (Steglitz);Yangguofu (Steglitz);麻辣烫/冒菜;是;Albrechtstr. 131, 12165 Berlin;Steglitz;;;;;;;;;;;;;;;;;;;
182;一点茶寮/Dot Tea Bar;Dot Tea Bar;小吃;否;Gleimstraße 27, 10437 Berlin;Prenzlauer Berg;;功夫茶｜茶配小食｜白天茶夜酒;;;;;;;;;;;;;;;;;
183;一家小院/Yijian;Yijian;小吃;否;Oberbaumstraße 5, 10997 Berlin;Kreuzberg;;;;;;;;;;;;;;;;;;;
184;一面之缘/LaLa Noodle of Sichuan;LaLa Noodle of Sichuan;面馆;否;Enzianstraße 2, 12203 Berlin;Lichterfelde;;;;;;;;;;;;;;;;;;;
185;饮茶英雄/Yumcha Heroes;Yumcha Heroes;小吃;否;Weinbergsweg 8, 10119 Berlin;Mitte;;;;;;;;;;;;;;;;;;;
186;永记/Goji;Goji;小吃;否;Motzstraße 58, 10777 Berlin;Schöneberg;;;;;;;;;;;;;;;;;;;
187;优米/You Mi;You Mi;饭店;否;Nürnberger Str. 28, 10789 Berlin;Charlottenburg;;;;;;;;;;;;;;;;;;;
188;You Mi串烧;You Mi串烧;串烧;否;Kantstraße 56, 10627 Berlin;Charlottenburg;;;;;;;;;;;;;;;;;;;
189;遇见易拉面馆/Yila Nudel;Yila Nudel;面馆;否;Liegnitzer Str. 30, 10999 Berlin;Kreuzberg;;;;;;;;;;;;;;;;;;;
190;玉面阁/Jade Palast (Charlottenburg);Jade Palast (Charlottenburg);面馆;是;Kantstraße 117A, 10627 Berlin;Charlottenburg;;;;;;;;;;;;;;;;;;;
191;玉面阁/Jade Palast (Fhain);Jade Palast (Fhain);饭店;是;Wühlischstraße 30, 10245 Berlin;Friedrichshain;;;;;;;;;;;;;;;;;;;
192;Yummy Dumpling;Yummy Dumpling;小吃;否;Schönhauser Allee 122, 10437 Berlin;Prenzlauer Berg;;;;;;;;;;;;;;;;;;;
193;云涞/Wan-Loi;Wan-Loi;饭店;否;Neuköllner Str. 302, 12357 Berlin;Rudow;;;;;;;;;;;;;;;;;;;
194;张亮麻辣烫/Zhangliang mini hotpot;Zhangliang mini hotpot;麻辣烫/冒菜;否;Friedrichstraße 217, 10969 Berlin;Kreuzberg;;;;;;;;;;;;;;;;;;;
195;中国城大酒楼/China City;China City;饭店;否;Leipziger Str. 46, 10117 Berlin;Mitte;;市中心｜大型酒楼｜圆桌聚餐;;;;;;;;;;;;;;;;;
196;中国大酒楼/Reuter;Reuter;饭店;否;Buschkrugallee 226, 12359 Berlin;Britz;;;;;;;;;;;;;;;;;;;
197;中华饭店/Zhong Hua;Zhong Hua;饭店;否;Lindenstraße 29A, 10969 Berlin;Kreuzberg;;;;;;;;;;;;;;;;;;;
198;周家/Zhou´s Fine;Zhou´s Fine;饭店;否;Eichborndamm 215, 13437 Berlin;Reinickendorf;;;;;;;;;;;;;;;;;;;
199;竹园酒楼/Bambus;Bambus;饭店;否;Rheinstraße 43, 12161 Berlin;Friedenau;;;;;;;;;;;;;;;;;;;
200;Zhou's Five;Zhou's Five;饭店;否;Marktstraße 6, 10317 Berlin;Lichtenberg;;;;;;;;;;;;;;;;;;;
201;小桔碗/Mandarine Bowl;;小吃;否;Uhlandstr. 161, 10719 Berlin;Wilmersdorf;;;;;;;;;;;;;;;;;;;
202;傻妞便利店/Shaniu‘s Market/Bistro;;小吃;否;Uhlandstr. 42, 10719 Berlin;Wilmersdorf;;;;;;;;;;;;;;;;;;;
203;碗里香重庆小面/Chongqing-Nudeln;;小吃;否;Mall of Berlin, Leipziger Pl. 12, 10117 Berlin;Mitte;;;;;;;;;;;;;;;;;;;
204;食坊居/Shifang House;;饭店;否;Rankestr. 32, 10789 Berlin;Charlottenburg;;;;;;;;;;;;;;;;;;;
205;蜀味记;;面馆;否;Anton-Wilhelm-Amo-Str. 50, 10117 Berlin;Mitte;;;;;;;;;;;;;;;;;;;
206;摊摊豆花/Tantan Douhua;;小吃;否;Markthalle Neun, Eisenbahnstraße 42-43, 10997 Berlin;Kreuzberg;;;;;;;;;;;;;;;;;;;
207;财神饭店/Aroma (Fhain);;饭店;是;Warschauer Str. 62, 10243 Berlin;Friedrichshain;;;;;;;;;;;;;;;;;;;